date,url
 2019-10-31 12:43:00,https://www.thebell.co.kr/free/content/ArticleView.asp?key=201910290100054900003412&lcode=00&page=1&svccode=00
 2019-10-31 09:48:59,https://www.thebell.co.kr/free/content/ArticleView.asp?key=201910300100055730003465&lcode=00&page=1&svccode=00
 2019-10-31 08:44:15,https://www.thebell.co.kr/free/content/ArticleView.asp?key=201910290100053990003354&lcode=00&page=1&svccode=00
 2019-10-31 08:16:35,https://www.thebell.co.kr/free/content/ArticleView.asp?key=201910300100057590003580&lcode=00&page=1&svccode=00
 2019-10-31 08:11:25,https://www.thebell.co.kr/free/content/ArticleView.asp?key=201910250100047030002933&lcode=00&page=1&svccode=00
 2019-10-30 10:53:08,https://www.thebell.co.kr/free/content/ArticleView.asp?key=201910280100051530003212&lcode=00&page=1&svccode=00
 2019-10-30 09:26:08,https://www.thebell.co.kr/free/content/ArticleView.asp?key=201910230100041340002579&lcode=00&page=1&svccode=00
 2019-10-30 08:14:21,https://www.thebell.co.kr/free/content/ArticleView.asp?key=201910290100054250003368&lcode=00&page=1&svccode=00
 2019-10-30 08:10:34,https://www.thebell.co.kr/free/content/ArticleView.asp?key=201910290100053870003346&lcode=00&page=1&svccode=00
 2019-10-29 13:21:00,https://www.thebell.co.kr/free/content/ArticleView.asp?key=201910280100050550003145&lcode=00&page=1&svccode=00
 2019-10-29 10:53:10,https://www.thebell.co.kr/free/content/ArticleView.asp?key=201910280100051770003226&lcode=00&page=2&svccode=00
 2019-10-29 08:20:43,https://www.thebell.co.kr/free/content/ArticleView.asp?key=201910280100051100003185&lcode=00&page=2&svccode=00
 2019-10-29 08:20:22,https://www.thebell.co.kr/free/content/ArticleView.asp?key=201910250100047070002935&lcode=00&page=2&svccode=00
 2019-10-29 08:07:39,https://www.thebell.co.kr/free/content/ArticleView.asp?key=201910280100050750003158&lcode=00&page=2&svccode=00
 2019-10-29 08:07:32,https://www.thebell.co.kr/free/content/ArticleView.asp?key=201910280100049880003105&lcode=00&page=2&svccode=00
 2019-10-29 08:06:49,https://www.thebell.co.kr/free/content/ArticleView.asp?key=201910280100050810003163&lcode=00&page=2&svccode=00
 2019-10-28 14:14:03,https://www.thebell.co.kr/free/content/ArticleView.asp?key=201910250100047880002983&lcode=00&page=2&svccode=00
 2019-10-28 13:51:14,https://www.thebell.co.kr/free/content/ArticleView.asp?key=201910240100043610002714&lcode=00&page=2&svccode=00
 2019-10-28 13:50:48,https://www.thebell.co.kr/free/content/ArticleView.asp?key=201910240100044880002795&lcode=00&page=2&svccode=00
 2019-10-28 13:32:00,https://www.thebell.co.kr/free/content/ArticleView.asp?key=201910220100039630002469&lcode=00&page=2&svccode=00
 2019-10-28 13:00:00,https://www.thebell.co.kr/free/content/ArticleView.asp?key=201910160100026080001631&lcode=00&page=3&svccode=00
 2019-10-28 08:21:51,https://www.thebell.co.kr/free/content/ArticleView.asp?key=201910250100047460002959&lcode=00&page=3&svccode=00
 2019-10-25 14:35:34,https://www.thebell.co.kr/free/content/ArticleView.asp?key=201910240100044140002747&lcode=00&page=3&svccode=00
 2019-10-25 14:35:04,https://www.thebell.co.kr/free/content/ArticleView.asp?key=201910240100044690002781&lcode=00&page=3&svccode=00
 2019-10-25 09:30:00,https://www.thebell.co.kr/free/content/ArticleView.asp?key=201910220100038590002406&lcode=00&page=3&svccode=00
 2019-10-25 08:54:59,https://www.thebell.co.kr/free/content/ArticleView.asp?key=201910240100042800002661&lcode=00&page=3&svccode=00
 2019-10-25 08:14:44,https://www.thebell.co.kr/free/content/ArticleView.asp?key=201910240100045650002844&lcode=00&page=3&svccode=00
 2019-10-25 08:14:03,https://www.thebell.co.kr/free/content/ArticleView.asp?key=201910240100044320002758&lcode=00&page=3&svccode=00
 2019-10-24 11:00:00,https://www.thebell.co.kr/free/content/ArticleView.asp?key=201910240100043280002693&lcode=00&page=3&svccode=00
 2019-10-24 09:25:00,https://www.thebell.co.kr/free/content/ArticleView.asp?key=201910210100034780002169&lcode=00&page=3&svccode=00
 2019-10-24 08:03:17,https://www.thebell.co.kr/free/content/ArticleView.asp?key=201910230100040480002527&lcode=00&page=4&svccode=00
 2019-10-23 09:40:48,https://www.thebell.co.kr/free/content/ArticleView.asp?key=201910170100030980001938&lcode=00&page=4&svccode=00
 2019-10-23 07:44:45,https://www.thebell.co.kr/free/content/ArticleView.asp?key=201910220100038410002395&lcode=00&page=4&svccode=00
 2019-10-22 16:34:59,https://www.thebell.co.kr/free/content/ArticleView.asp?key=201910180100032860002051&lcode=00&page=4&svccode=00
 2019-10-22 16:34:53,https://www.thebell.co.kr/free/content/ArticleView.asp?key=201910200100034120002125&lcode=00&page=4&svccode=00
 2019-10-22 07:31:34,https://www.thebell.co.kr/free/content/ArticleView.asp?key=201910170100029080001821&lcode=00&page=4&svccode=00
 2019-10-21 13:52:27,https://www.thebell.co.kr/free/content/ArticleView.asp?key=201910180100032110002009&lcode=00&page=4&svccode=00
 2019-10-21 07:54:46,https://www.thebell.co.kr/free/content/ArticleView.asp?key=201910180100032380002023&lcode=00&page=4&svccode=00
 2019-10-18 13:05:00,https://www.thebell.co.kr/free/content/ArticleView.asp?key=201910160100027990001750&lcode=00&page=4&svccode=00
 2019-10-18 09:43:00,https://www.thebell.co.kr/free/content/ArticleView.asp?key=201910170100029670001856&lcode=00&page=4&svccode=00
 2019-10-18 08:12:32,https://www.thebell.co.kr/free/content/ArticleView.asp?key=201910170100029890001869&lcode=00&page=5&svccode=00
 2019-10-17 14:09:51,https://www.thebell.co.kr/free/content/ArticleView.asp?key=201910170100029560001850&lcode=00&page=5&svccode=00
 2019-10-17 13:57:10,https://www.thebell.co.kr/free/content/ArticleView.asp?key=201910150100025090001564&lcode=00&page=5&svccode=00
 2019-10-17 08:05:10,https://www.thebell.co.kr/free/content/ArticleView.asp?key=201910160100027310001709&lcode=00&page=5&svccode=00
 2019-10-17 08:05:00,https://www.thebell.co.kr/free/content/ArticleView.asp?key=201910160100027000001688&lcode=00&page=5&svccode=00
 2019-10-15 13:09:00,https://www.thebell.co.kr/free/content/ArticleView.asp?key=201910140100021310001329&lcode=00&page=5&svccode=00
 2019-10-15 13:09:00,https://www.thebell.co.kr/free/content/ArticleView.asp?key=201910140100020560001286&lcode=00&page=5&svccode=00
 2019-10-15 10:11:31,https://www.thebell.co.kr/free/content/ArticleView.asp?key=201910140100020550001285&lcode=00&page=5&svccode=00
 2019-10-15 10:11:19,https://www.thebell.co.kr/free/content/ArticleView.asp?key=201910140100021270001326&lcode=00&page=5&svccode=00
 2019-10-15 07:08:15,https://www.thebell.co.kr/free/content/ArticleView.asp?key=201910140100021360001331&lcode=00&page=5&svccode=00
 2019-10-14 13:52:05,https://www.thebell.co.kr/free/content/ArticleView.asp?key=201910100100015600000976&lcode=00&page=6&svccode=00
 2019-10-14 13:51:28,https://www.thebell.co.kr/free/content/ArticleView.asp?key=201910100100016130001010&lcode=00&page=6&svccode=00
 2019-10-14 13:50:59,https://www.thebell.co.kr/free/content/ArticleView.asp?key=201910100100016400001027&lcode=00&page=6&svccode=00
 2019-10-14 10:20:00,https://www.thebell.co.kr/free/content/ArticleView.asp?key=201910140100019880001238&lcode=00&page=6&svccode=00
 2019-10-14 09:49:18,https://www.thebell.co.kr/free/content/ArticleView.asp?key=201910110100018680001163&lcode=00&page=6&svccode=00
 2019-10-14 08:32:47,https://www.thebell.co.kr/free/content/ArticleView.asp?key=201910110100017320001086&lcode=00&page=6&svccode=00
 2019-10-14 08:12:42,https://www.thebell.co.kr/free/content/ArticleView.asp?key=201910110100017280001085&lcode=00&page=6&svccode=00
 2019-10-14 08:11:34,https://www.thebell.co.kr/free/content/ArticleView.asp?key=201910070100009050000578&lcode=00&page=6&svccode=00
 2019-10-14 08:11:05,https://www.thebell.co.kr/free/content/ArticleView.asp?key=201910100100016140001011&lcode=00&page=6&svccode=00
 2019-10-14 08:10:41,https://www.thebell.co.kr/free/content/ArticleView.asp?key=201910110100017740001108&lcode=00&page=6&svccode=00
 2019-10-14 08:10:29,https://www.thebell.co.kr/free/content/ArticleView.asp?key=201910110100017760001110&lcode=00&page=7&svccode=00
 2019-10-11 14:33:36,https://www.thebell.co.kr/free/content/ArticleView.asp?key=201910100100014630000921&lcode=00&page=7&svccode=00
 2019-10-11 11:10:11,https://www.thebell.co.kr/free/content/ArticleView.asp?key=201910100100014160000896&lcode=00&page=7&svccode=00
 2019-10-11 11:10:06,https://www.thebell.co.kr/free/content/ArticleView.asp?key=201910100100014360000907&lcode=00&page=7&svccode=00
 2019-10-11 11:09:54,https://www.thebell.co.kr/free/content/ArticleView.asp?key=201910100100014190000898&lcode=00&page=7&svccode=00
 2019-10-11 10:07:58,https://www.thebell.co.kr/free/content/ArticleView.asp?key=201910110100017070001070&lcode=00&page=7&svccode=00
 2019-10-11 08:07:47,https://www.thebell.co.kr/free/content/ArticleView.asp?key=201910080100013010000824&lcode=00&page=7&svccode=00
 2019-10-11 08:07:33,https://www.thebell.co.kr/free/content/ArticleView.asp?key=201910100100015010000944&lcode=00&page=7&svccode=00
 2019-10-11 08:07:20,https://www.thebell.co.kr/free/content/ArticleView.asp?key=201910100100015780000987&lcode=00&page=7&svccode=00
 2019-10-11 07:49:40,https://www.thebell.co.kr/free/content/ArticleView.asp?key=201910100100014660000923&lcode=00&page=7&svccode=00
 2019-10-10 08:17:03,https://www.thebell.co.kr/free/content/ArticleView.asp?key=201910080100012760000805&lcode=00&page=8&svccode=00
 2019-10-08 17:11:33,https://www.thebell.co.kr/free/content/ArticleView.asp?key=201910080100012930000818&lcode=00&page=8&svccode=00
 2019-10-08 17:11:24,https://www.thebell.co.kr/free/content/ArticleView.asp?key=201910080100012210000769&lcode=00&page=8&svccode=00
 2019-10-08 17:11:18,https://www.thebell.co.kr/free/content/ArticleView.asp?key=201910080100011630000732&lcode=00&page=8&svccode=00
 2019-10-08 16:02:02,https://www.thebell.co.kr/free/content/ArticleView.asp?key=201910010100000980000066&lcode=00&page=8&svccode=00
 2019-10-08 15:30:06,https://www.thebell.co.kr/free/content/ArticleView.asp?key=201910040100007510000473&lcode=00&page=8&svccode=00
 2019-10-08 10:47:58,https://www.thebell.co.kr/free/content/ArticleView.asp?key=201910020100005730000362&lcode=00&page=8&svccode=00
 2019-10-08 09:06:52,https://www.thebell.co.kr/free/content/ArticleView.asp?key=201910060100008120000509&lcode=00&page=8&svccode=00
 2019-10-07 08:35:20,https://www.thebell.co.kr/free/content/ArticleView.asp?key=201909300100053030003298&lcode=00&page=8&svccode=00
 2019-10-07 08:20:18,https://www.thebell.co.kr/free/content/ArticleView.asp?key=201910040100006470000404&lcode=00&page=8&svccode=00
 2019-10-04 08:05:00,https://www.thebell.co.kr/free/content/ArticleView.asp?key=201910020100002920000183&lcode=00&page=9&svccode=00
 2019-10-02 09:01:27,https://www.thebell.co.kr/free/content/ArticleView.asp?key=201910010100000200000014&lcode=00&page=9&svccode=00
 2019-10-02 08:07:02,https://www.thebell.co.kr/free/content/ArticleView.asp?key=201910010100001960000125&lcode=00&page=9&svccode=00
 2019-10-02 08:06:21,https://www.thebell.co.kr/free/content/ArticleView.asp?key=201909300100053780003346&lcode=00&page=9&svccode=00
 2019-10-02 07:42:26,https://www.thebell.co.kr/free/content/ArticleView.asp?key=201909300100053190003308&lcode=00&page=9&svccode=00
 2019-10-02 07:41:54,https://www.thebell.co.kr/free/content/ArticleView.asp?key=201910010100001020000068&lcode=00&page=9&svccode=00
 2019-09-30 13:19:21,https://www.thebell.co.kr/free/content/ArticleView.asp?key=201909240100042170002637&lcode=00&page=9&svccode=00
 2019-09-30 08:01:14,https://www.thebell.co.kr/free/content/ArticleView.asp?key=201909270100049260003077&lcode=00&page=9&svccode=00
 2019-09-27 14:04:00,https://www.thebell.co.kr/free/content/ArticleView.asp?key=201909240100042010002626&lcode=00&page=9&svccode=00
 2019-09-27 14:04:00,https://www.thebell.co.kr/free/content/ArticleView.asp?key=201909240100041230002574&lcode=00&page=9&svccode=00
 2019-09-27 11:07:52,https://www.thebell.co.kr/free/content/ArticleView.asp?key=201909240100041660002605&lcode=00&page=10&svccode=00
 2019-09-27 11:07:48,https://www.thebell.co.kr/free/content/ArticleView.asp?key=201909250100043310002713&lcode=00&page=10&svccode=00
 2019-09-27 08:13:36,https://www.thebell.co.kr/free/content/ArticleView.asp?key=201909260100046930002932&lcode=00&page=10&svccode=00
 2019-09-26 08:18:58,https://www.thebell.co.kr/free/content/ArticleView.asp?key=201909250100044070002755&lcode=00&page=10&svccode=00
 2019-09-25 13:57:52,https://www.thebell.co.kr/free/content/ArticleView.asp?key=201909230100038920002427&lcode=00&page=10&svccode=00
 2019-09-25 13:57:43,https://www.thebell.co.kr/free/content/ArticleView.asp?key=201909230100038120002374&lcode=00&page=10&svccode=00
 2019-09-25 13:57:34,https://www.thebell.co.kr/free/content/ArticleView.asp?key=201909230100038720002414&lcode=00&page=10&svccode=00
 2019-09-25 11:21:50,https://www.thebell.co.kr/free/content/ArticleView.asp?key=201909240100040330002523&lcode=00&page=10&svccode=00
 2019-09-25 08:15:42,https://www.thebell.co.kr/free/content/ArticleView.asp?key=201909230100038900002425&lcode=00&page=10&svccode=00
 2019-09-25 08:15:27,https://www.thebell.co.kr/free/content/ArticleView.asp?key=201909230100038430002397&lcode=00&page=10&svccode=00
 2019-09-23 15:31:04,https://www.thebell.co.kr/free/content/ArticleView.asp?key=201909190100030680001901&lcode=00&page=11&svccode=00
 2019-09-23 15:30:56,https://www.thebell.co.kr/free/content/ArticleView.asp?key=201909200100034170002121&lcode=00&page=11&svccode=00
 2019-09-23 15:30:19,https://www.thebell.co.kr/free/content/ArticleView.asp?key=201909200100034900002163&lcode=00&page=11&svccode=00
 2019-09-23 08:16:13,https://www.thebell.co.kr/free/content/ArticleView.asp?key=201909200100035140002178&lcode=00&page=11&svccode=00
 2019-09-23 08:16:05,https://www.thebell.co.kr/free/content/ArticleView.asp?key=201909200100034090002114&lcode=00&page=11&svccode=00
 2019-09-23 07:40:00,https://www.thebell.co.kr/free/content/ArticleView.asp?key=201909190100031600001955&lcode=00&page=11&svccode=00
 2019-09-20 08:16:08,https://www.thebell.co.kr/free/content/ArticleView.asp?key=201909180100030200001869&lcode=00&page=11&svccode=00
 2019-09-19 14:40:30,https://www.thebell.co.kr/free/content/ArticleView.asp?key=201909170100027140001668&lcode=00&page=11&svccode=00
 2019-09-19 14:39:36,https://www.thebell.co.kr/free/content/ArticleView.asp?key=201909170100025930001592&lcode=00&page=11&svccode=00
 2019-09-19 14:38:56,https://www.thebell.co.kr/free/content/ArticleView.asp?key=201909170100025810001585&lcode=00&page=11&svccode=00
 2019-09-18 14:45:31,https://www.thebell.co.kr/free/content/ArticleView.asp?key=201909180100028780001777&lcode=00&page=12&svccode=00
 2019-09-18 13:38:13,https://www.thebell.co.kr/free/content/ArticleView.asp?key=201909160100024440001508&lcode=00&page=12&svccode=00
 2019-09-18 13:00:00,https://www.thebell.co.kr/free/content/ArticleView.asp?key=201909170100026290001613&lcode=00&page=12&svccode=00
 2019-09-18 08:30:48,https://www.thebell.co.kr/free/content/ArticleView.asp?key=201909170100024670001517&lcode=00&page=12&svccode=00
 2019-09-18 08:30:32,https://www.thebell.co.kr/free/content/ArticleView.asp?key=201909170100025450001569&lcode=00&page=12&svccode=00
 2019-09-18 08:30:24,https://www.thebell.co.kr/free/content/ArticleView.asp?key=201909170100025070001547&lcode=00&page=12&svccode=00
 2019-09-17 19:05:41,https://www.thebell.co.kr/free/content/ArticleView.asp?key=201909170100027300001679&lcode=00&page=12&svccode=00
 2019-09-17 15:15:59,https://www.thebell.co.kr/free/content/ArticleView.asp?key=201909100100017050001066&lcode=00&page=12&svccode=00
 2019-09-17 13:04:00,https://www.thebell.co.kr/free/content/ArticleView.asp?key=201909160100023190001436&lcode=00&page=12&svccode=00
 2019-09-17 07:51:18,https://www.thebell.co.kr/free/content/ArticleView.asp?key=201909160100022800001415&lcode=00&page=12&svccode=00
 2019-09-16 15:33:16,https://www.thebell.co.kr/free/content/ArticleView.asp?key=201909150100021880001357&lcode=00&page=13&svccode=00
 2019-09-16 15:32:33,https://www.thebell.co.kr/free/content/ArticleView.asp?key=201909110100020890001295&lcode=00&page=13&svccode=00
 2019-09-16 09:24:00,https://www.thebell.co.kr/free/content/ArticleView.asp?key=201909110100020610001280&lcode=00&page=13&svccode=00
 2019-09-16 07:27:00,https://www.thebell.co.kr/free/content/ArticleView.asp?key=201909100100018890001173&lcode=00&page=13&svccode=00
 2019-09-11 13:11:46,https://www.thebell.co.kr/free/content/ArticleView.asp?key=201909100100017750001103&lcode=00&page=13&svccode=00
 2019-09-11 13:11:40,https://www.thebell.co.kr/free/content/ArticleView.asp?key=201909100100017210001076&lcode=00&page=13&svccode=00
 2019-09-11 11:22:54,https://www.thebell.co.kr/free/content/ArticleView.asp?key=201909100100017930001113&lcode=00&page=13&svccode=00
 2019-09-11 11:22:20,https://www.thebell.co.kr/free/content/ArticleView.asp?key=201909100100017880001109&lcode=00&page=13&svccode=00
 2019-09-11 08:19:00,https://www.thebell.co.kr/free/content/ArticleView.asp?key=201909100100018770001165&lcode=00&page=13&svccode=00
 2019-09-10 08:12:02,https://www.thebell.co.kr/free/content/ArticleView.asp?key=201909090100014500000903&lcode=00&page=13&svccode=00
 2019-09-09 08:25:55,https://www.thebell.co.kr/free/content/ArticleView.asp?key=201909050100009710000605&lcode=00&page=14&svccode=00
 2019-09-09 08:18:06,https://www.thebell.co.kr/free/content/ArticleView.asp?key=201909060100012350000773&lcode=00&page=14&svccode=00
 2019-09-09 08:09:47,https://www.thebell.co.kr/free/content/ArticleView.asp?key=201909060100011330000713&lcode=00&page=14&svccode=00
 2019-09-06 14:33:10,https://www.thebell.co.kr/free/content/ArticleView.asp?key=201909060100011890000742&lcode=00&page=14&svccode=00
 2019-09-06 08:08:13,https://www.thebell.co.kr/free/content/ArticleView.asp?key=201909040100007020000439&lcode=00&page=14&svccode=00
 2019-09-06 08:07:54,https://www.thebell.co.kr/free/content/ArticleView.asp?key=201909050100009410000590&lcode=00&page=14&svccode=00
 2019-09-06 08:06:52,https://www.thebell.co.kr/free/content/ArticleView.asp?key=201909050100010280000643&lcode=00&page=14&svccode=00
 2019-09-06 08:06:36,https://www.thebell.co.kr/free/content/ArticleView.asp?key=201909050100009680000603&lcode=00&page=14&svccode=00
 2019-09-05 17:57:58,https://www.thebell.co.kr/free/content/ArticleView.asp?key=201909050100010380000649&lcode=00&page=14&svccode=00
 2019-09-05 10:17:42,https://www.thebell.co.kr/free/content/ArticleView.asp?key=201909030100004370000275&lcode=00&page=14&svccode=00
 2019-09-05 10:17:25,https://www.thebell.co.kr/free/content/ArticleView.asp?key=201909040100005930000374&lcode=00&page=15&svccode=00
 2019-09-05 10:16:36,https://www.thebell.co.kr/free/content/ArticleView.asp?key=201909040100007500000472&lcode=00&page=15&svccode=00
 2019-09-05 08:19:12,https://www.thebell.co.kr/free/content/ArticleView.asp?key=201909040100006860000427&lcode=00&page=15&svccode=00
 2019-09-05 08:18:01,https://www.thebell.co.kr/free/content/ArticleView.asp?key=201909040100007320000460&lcode=00&page=15&svccode=00
 2019-09-05 08:15:50,https://www.thebell.co.kr/free/content/ArticleView.asp?key=201909040100006640000412&lcode=00&page=15&svccode=00
 2019-09-05 08:15:09,https://www.thebell.co.kr/free/content/ArticleView.asp?key=201909030100004680000291&lcode=00&page=15&svccode=00
 2019-09-05 08:13:57,https://www.thebell.co.kr/free/content/ArticleView.asp?key=201909050100008250000518&lcode=00&page=15&svccode=00
 2019-09-04 14:32:05,https://www.thebell.co.kr/free/content/ArticleView.asp?key=201909020100002230000139&lcode=00&page=15&svccode=00
 2019-09-04 14:31:49,https://www.thebell.co.kr/free/content/ArticleView.asp?key=201909020100002670000165&lcode=00&page=15&svccode=00
 2019-09-04 14:31:07,https://www.thebell.co.kr/free/content/ArticleView.asp?key=201909030100004740000296&lcode=00&page=15&svccode=00
 2019-09-04 13:00:00,https://www.thebell.co.kr/free/content/ArticleView.asp?key=201909020100001440000094&lcode=00&page=16&svccode=00
 2019-09-04 08:21:51,https://www.thebell.co.kr/free/content/ArticleView.asp?key=201909030100004070000255&lcode=00&page=16&svccode=00
 2019-09-04 08:21:26,https://www.thebell.co.kr/free/content/ArticleView.asp?key=201909030100003140000195&lcode=00&page=16&svccode=00
 2019-09-04 08:21:20,https://www.thebell.co.kr/free/content/ArticleView.asp?key=201909030100004600000286&lcode=00&page=16&svccode=00
 2019-09-03 10:04:31,https://www.thebell.co.kr/free/content/ArticleView.asp?key=201909020100001290000081&lcode=00&page=16&svccode=00
 2019-09-03 08:09:34,https://www.thebell.co.kr/free/content/ArticleView.asp?key=201908290100051880003204&lcode=00&page=16&svccode=00
 2019-09-03 08:08:46,https://www.thebell.co.kr/free/content/ArticleView.asp?key=201908300100056510003492&lcode=00&page=16&svccode=00
 2019-09-03 07:32:14,https://www.thebell.co.kr/free/content/ArticleView.asp?key=201909020100001000000064&lcode=00&page=16&svccode=00
 2019-09-03 07:32:03,https://www.thebell.co.kr/free/content/ArticleView.asp?key=201909020100001610000104&lcode=00&page=16&svccode=00
 2019-09-02 13:07:00,https://www.thebell.co.kr/free/content/ArticleView.asp?key=201908300100054420003361&lcode=00&page=16&svccode=00
 2019-09-02 09:15:20,https://www.thebell.co.kr/free/content/ArticleView.asp?key=201908300100055030003395&lcode=00&page=17&svccode=00
 2019-09-02 08:06:28,https://www.thebell.co.kr/free/content/ArticleView.asp?key=201908300100055400003422&lcode=00&page=17&svccode=00
 2019-09-02 08:06:07,https://www.thebell.co.kr/free/content/ArticleView.asp?key=201908300100054960003390&lcode=00&page=17&svccode=00
 2019-09-02 08:05:53,https://www.thebell.co.kr/free/content/ArticleView.asp?key=201908300100055310003416&lcode=00&page=17&svccode=00
 2019-09-02 07:21:00,https://www.thebell.co.kr/free/content/ArticleView.asp?key=201908280100050390003105&lcode=00&page=17&svccode=00
 2019-08-30 08:12:16,https://www.thebell.co.kr/free/content/ArticleView.asp?key=201908290100053460003303&lcode=00&page=17&svccode=00
 2019-08-30 08:12:11,https://www.thebell.co.kr/free/content/ArticleView.asp?key=201908290100052910003268&lcode=00&page=17&svccode=00
 2019-08-29 08:22:00,https://www.thebell.co.kr/free/content/ArticleView.asp?key=201908280100049090003025&lcode=00&page=17&svccode=00
 2019-08-29 08:21:54,https://www.thebell.co.kr/free/content/ArticleView.asp?key=201908280100050190003091&lcode=00&page=17&svccode=00
 2019-08-29 08:21:50,https://www.thebell.co.kr/free/content/ArticleView.asp?key=201908270100047380002920&lcode=00&page=17&svccode=00
 2019-08-29 08:14:09,https://www.thebell.co.kr/free/content/ArticleView.asp?key=201908280100048840003011&lcode=00&page=18&svccode=00
 2019-08-29 07:40:27,https://www.thebell.co.kr/free/content/ArticleView.asp?key=201908280100050550003116&lcode=00&page=18&svccode=00
 2019-08-29 07:40:10,https://www.thebell.co.kr/free/content/ArticleView.asp?key=201908280100049560003049&lcode=00&page=18&svccode=00
 2019-08-29 07:40:02,https://www.thebell.co.kr/free/content/ArticleView.asp?key=201908280100049550003048&lcode=00&page=18&svccode=00
 2019-08-29 07:39:32,https://www.thebell.co.kr/free/content/ArticleView.asp?key=201908280100049860003067&lcode=00&page=18&svccode=00
 2019-08-29 07:39:25,https://www.thebell.co.kr/free/content/ArticleView.asp?key=201908270100047820002949&lcode=00&page=18&svccode=00
 2019-08-28 08:28:00,https://www.thebell.co.kr/free/content/ArticleView.asp?key=201908270100047510002927&lcode=00&page=18&svccode=00
 2019-08-27 08:36:29,https://www.thebell.co.kr/free/content/ArticleView.asp?key=201908260100044540002744&lcode=00&page=18&svccode=00
 2019-08-27 08:32:31,https://www.thebell.co.kr/free/content/ArticleView.asp?key=201908260100043980002710&lcode=00&page=18&svccode=00
 2019-08-26 14:56:06,https://www.thebell.co.kr/free/content/ArticleView.asp?key=201908220100040240002484&lcode=00&page=18&svccode=00
 2019-08-26 14:55:15,https://www.thebell.co.kr/free/content/ArticleView.asp?key=201908250100043000002649&lcode=00&page=19&svccode=00
 2019-08-26 14:54:58,https://www.thebell.co.kr/free/content/ArticleView.asp?key=201908220100039880002464&lcode=00&page=19&svccode=00
 2019-08-26 13:04:00,https://www.thebell.co.kr/free/content/ArticleView.asp?key=201908230100041260002546&lcode=00&page=19&svccode=00
 2019-08-26 08:14:29,https://www.thebell.co.kr/free/content/ArticleView.asp?key=201908230100041120002540&lcode=00&page=19&svccode=00
 2019-08-26 08:14:16,https://www.thebell.co.kr/free/content/ArticleView.asp?key=201908230100041760002576&lcode=00&page=19&svccode=00
 2019-08-26 08:03:53,https://www.thebell.co.kr/free/content/ArticleView.asp?key=201908230100042050002593&lcode=00&page=19&svccode=00
 2019-08-23 08:55:55,https://www.thebell.co.kr/free/content/ArticleView.asp?key=201908210100036370002246&lcode=00&page=19&svccode=00
 2019-08-23 08:18:17,https://www.thebell.co.kr/free/content/ArticleView.asp?key=201908220100039370002427&lcode=00&page=19&svccode=00
 2019-08-23 08:18:06,https://www.thebell.co.kr/free/content/ArticleView.asp?key=201908220100039540002440&lcode=00&page=19&svccode=00
 2019-08-22 12:42:00,https://www.thebell.co.kr/free/content/ArticleView.asp?key=201908210100037390002308&lcode=00&page=19&svccode=00
 2019-08-22 08:31:00,https://www.thebell.co.kr/free/content/ArticleView.asp?key=201908130100024050001501&lcode=00&page=20&svccode=00
 2019-08-22 07:22:07,https://www.thebell.co.kr/free/content/ArticleView.asp?key=201908210100035780002216&lcode=00&page=20&svccode=00
 2019-08-22 07:20:41,https://www.thebell.co.kr/free/content/ArticleView.asp?key=201908210100035980002228&lcode=00&page=20&svccode=00
 2019-08-21 08:22:15,https://www.thebell.co.kr/free/content/ArticleView.asp?key=201908200100034000002103&lcode=00&page=20&svccode=00
 2019-08-21 08:22:05,https://www.thebell.co.kr/free/content/ArticleView.asp?key=201908200100034290002120&lcode=00&page=20&svccode=00
 2019-08-21 08:21:48,https://www.thebell.co.kr/free/content/ArticleView.asp?key=201908200100032770002021&lcode=00&page=20&svccode=00
 2019-08-20 08:16:37,https://www.thebell.co.kr/free/content/ArticleView.asp?key=201908190100030140001857&lcode=00&page=20&svccode=00
 2019-08-20 08:16:16,https://www.thebell.co.kr/free/content/ArticleView.asp?key=201908190100030690001895&lcode=00&page=20&svccode=00
 2019-08-20 08:09:48,https://www.thebell.co.kr/free/content/ArticleView.asp?key=201908190100031340001931&lcode=00&page=20&svccode=00
 2019-08-19 13:27:11,https://www.thebell.co.kr/free/content/ArticleView.asp?key=201908190100030880001907&lcode=00&page=20&svccode=00
 2019-08-19 11:33:50,https://www.thebell.co.kr/free/content/ArticleView.asp?key=201908190100030790001903&lcode=00&page=21&svccode=00
 2019-08-19 08:58:47,https://www.thebell.co.kr/free/content/ArticleView.asp?key=201908160100028570001767&lcode=00&page=21&svccode=00
 2019-08-19 08:14:43,https://www.thebell.co.kr/free/content/ArticleView.asp?key=201908160100029240001810&lcode=00&page=21&svccode=00
 2019-08-19 08:14:29,https://www.thebell.co.kr/free/content/ArticleView.asp?key=201908160100029590001831&lcode=00&page=21&svccode=00
 2019-08-19 08:12:41,https://www.thebell.co.kr/free/content/ArticleView.asp?key=201908140100026870001675&lcode=00&page=21&svccode=00
 2019-08-19 07:45:45,https://www.thebell.co.kr/free/content/ArticleView.asp?key=201908160100028450001757&lcode=00&page=21&svccode=00
 2019-08-16 13:00:00,https://www.thebell.co.kr/free/content/ArticleView.asp?key=201908140100026410001645&lcode=00&page=21&svccode=00
 2019-08-16 09:47:43,https://www.thebell.co.kr/free/content/ArticleView.asp?key=201908160100028460001758&lcode=00&page=21&svccode=00
 2019-08-16 09:25:29,https://www.thebell.co.kr/free/content/ArticleView.asp?key=201908160100028390001754&lcode=00&page=21&svccode=00
 2019-08-16 08:18:54,https://www.thebell.co.kr/free/content/ArticleView.asp?key=201908120100021320001326&lcode=00&page=21&svccode=00
 2019-08-16 08:18:33,https://www.thebell.co.kr/free/content/ArticleView.asp?key=201908140100026130001628&lcode=00&page=22&svccode=00
 2019-08-16 08:11:29,https://www.thebell.co.kr/free/content/ArticleView.asp?key=201908140100026720001665&lcode=00&page=22&svccode=00
 2019-08-14 13:40:08,https://www.thebell.co.kr/free/content/ArticleView.asp?key=201908120100021770001355&lcode=00&page=22&svccode=00
 2019-08-14 07:54:37,https://www.thebell.co.kr/free/content/ArticleView.asp?key=201908120100021840001358&lcode=00&page=22&svccode=00
 2019-08-14 07:54:23,https://www.thebell.co.kr/free/content/ArticleView.asp?key=201908120100021720001352&lcode=00&page=22&svccode=00
 2019-08-14 07:39:53,https://www.thebell.co.kr/free/content/ArticleView.asp?key=201908130100023220001448&lcode=00&page=22&svccode=00
 2019-08-14 07:39:22,https://www.thebell.co.kr/free/content/ArticleView.asp?key=201908120100019830001229&lcode=00&page=22&svccode=00
 2019-08-13 18:00:32,https://www.thebell.co.kr/free/content/ArticleView.asp?key=201908130100024580001533&lcode=00&page=22&svccode=00
 2019-08-13 11:16:14,https://www.thebell.co.kr/free/content/ArticleView.asp?key=201908090100018660001160&lcode=00&page=22&svccode=00
 2019-08-13 10:35:02,https://www.thebell.co.kr/free/content/ArticleView.asp?key=201908120100022150001378&lcode=00&page=22&svccode=00
 2019-08-13 08:11:03,https://www.thebell.co.kr/free/content/ArticleView.asp?key=201908120100021070001310&lcode=00&page=23&svccode=00
 2019-08-13 08:10:16,https://www.thebell.co.kr/free/content/ArticleView.asp?key=201908090100018370001144&lcode=00&page=23&svccode=00
 2019-08-13 08:10:06,https://www.thebell.co.kr/free/content/ArticleView.asp?key=201908120100020420001273&lcode=00&page=23&svccode=00
 2019-08-13 08:09:55,https://www.thebell.co.kr/free/content/ArticleView.asp?key=201908120100021650001349&lcode=00&page=23&svccode=00
 2019-08-12 09:43:00,https://www.thebell.co.kr/free/content/ArticleView.asp?key=201908080100014270000889&lcode=00&page=23&svccode=00
 2019-08-12 08:21:39,https://www.thebell.co.kr/free/content/ArticleView.asp?key=201908090100017240001075&lcode=00&page=23&svccode=00
 2019-08-12 08:21:29,https://www.thebell.co.kr/free/content/ArticleView.asp?key=201908090100017750001108&lcode=00&page=23&svccode=00
 2019-08-12 07:25:00,https://www.thebell.co.kr/free/content/ArticleView.asp?key=201908070100013770000854&lcode=00&page=23&svccode=00
 2019-08-09 13:30:00,https://www.thebell.co.kr/free/content/ArticleView.asp?key=201908070100012970000806&lcode=00&page=23&svccode=00
 2019-08-09 13:28:58,https://www.thebell.co.kr/free/content/ArticleView.asp?key=201908070100013010000809&lcode=00&page=23&svccode=00
 2019-08-09 08:39:26,https://www.thebell.co.kr/free/content/ArticleView.asp?key=201908080100014080000872&lcode=00&page=24&svccode=00
 2019-08-09 08:18:49,https://www.thebell.co.kr/free/content/ArticleView.asp?key=201908080100015180000939&lcode=00&page=24&svccode=00
 2019-08-09 08:18:38,https://www.thebell.co.kr/free/content/ArticleView.asp?key=201908080100015600000963&lcode=00&page=24&svccode=00
 2019-08-09 08:18:16,https://www.thebell.co.kr/free/content/ArticleView.asp?key=201908080100015690000969&lcode=00&page=24&svccode=00
 2019-08-09 08:18:06,https://www.thebell.co.kr/free/content/ArticleView.asp?key=201908080100015040000929&lcode=00&page=24&svccode=00
 2019-08-08 13:38:54,https://www.thebell.co.kr/free/content/ArticleView.asp?key=201908060100010720000674&lcode=00&page=24&svccode=00
 2019-08-08 13:00:00,https://www.thebell.co.kr/free/content/ArticleView.asp?key=201908060100010330000649&lcode=00&page=24&svccode=00
 2019-08-08 08:18:56,https://www.thebell.co.kr/free/content/ArticleView.asp?key=201908070100013730000851&lcode=00&page=24&svccode=00
 2019-08-07 15:06:00,https://www.thebell.co.kr/free/content/ArticleView.asp?key=201908050100008740000551&lcode=00&page=24&svccode=00
 2019-08-07 14:05:29,https://www.thebell.co.kr/free/content/ArticleView.asp?key=201908050100008530000535&lcode=00&page=24&svccode=00
 2019-08-07 11:25:16,https://www.thebell.co.kr/free/content/ArticleView.asp?key=201908070100012080000761&lcode=00&page=25&svccode=00
 2019-08-07 08:21:59,https://www.thebell.co.kr/free/content/ArticleView.asp?key=201908060100010220000640&lcode=00&page=25&svccode=00
 2019-08-07 08:21:48,https://www.thebell.co.kr/free/content/ArticleView.asp?key=201908060100010160000638&lcode=00&page=25&svccode=00
 2019-08-07 08:19:17,https://www.thebell.co.kr/free/content/ArticleView.asp?key=201908060100010300000647&lcode=00&page=25&svccode=00
 2019-08-07 08:00:21,https://www.thebell.co.kr/free/content/ArticleView.asp?key=201908050100009010000570&lcode=00&page=25&svccode=00
 2019-08-06 09:41:42,https://www.thebell.co.kr/free/content/ArticleView.asp?key=201908050100008630000544&lcode=00&page=25&svccode=00
 2019-08-05 14:08:41,https://www.thebell.co.kr/free/content/ArticleView.asp?key=201908020100003020000192&lcode=00&page=25&svccode=00
 2019-08-05 08:09:07,https://www.thebell.co.kr/free/content/ArticleView.asp?key=201908020100005750000365&lcode=00&page=25&svccode=00
 2019-08-05 08:08:20,https://www.thebell.co.kr/free/content/ArticleView.asp?key=201908020100004550000296&lcode=00&page=25&svccode=00
 2019-08-05 08:08:13,https://www.thebell.co.kr/free/content/ArticleView.asp?key=201908020100005710000363&lcode=00&page=25&svccode=00
 2019-08-02 19:36:29,https://www.thebell.co.kr/free/content/ArticleView.asp?key=201908020100005900000376&lcode=00&page=26&svccode=00
 2019-08-02 12:45:00,https://www.thebell.co.kr/free/content/ArticleView.asp?key=201907310100063210003975&lcode=00&page=26&svccode=00
 2019-08-02 08:47:08,https://www.thebell.co.kr/free/content/ArticleView.asp?key=201908010100002170000140&lcode=00&page=26&svccode=00
 2019-08-02 08:03:52,https://www.thebell.co.kr/free/content/ArticleView.asp?key=201908010100000080000004&lcode=00&page=26&svccode=00
 2019-08-02 08:03:39,https://www.thebell.co.kr/free/content/ArticleView.asp?key=201908010100001920000121&lcode=00&page=26&svccode=00
 2019-08-02 08:03:20,https://www.thebell.co.kr/free/content/ArticleView.asp?key=201908010100001700000103&lcode=00&page=26&svccode=00
 2019-08-01 15:43:30,https://www.thebell.co.kr/free/content/ArticleView.asp?key=201907300100060290003782&lcode=00&page=26&svccode=00
 2019-08-01 15:41:35,https://www.thebell.co.kr/free/content/ArticleView.asp?key=201907300100059010003707&lcode=00&page=26&svccode=00
 2019-08-01 15:39:55,https://www.thebell.co.kr/free/content/ArticleView.asp?key=201907300100059810003753&lcode=00&page=26&svccode=00
 2019-07-31 18:21:17,https://www.thebell.co.kr/free/content/ArticleView.asp?key=201907310100062290003916&lcode=00&page=26&svccode=00
 2019-07-31 08:28:48,https://www.thebell.co.kr/free/content/ArticleView.asp?key=201907290100056540003556&lcode=00&page=27&svccode=00
 2019-07-31 08:21:43,https://www.thebell.co.kr/free/content/ArticleView.asp?key=201907300100060260003780&lcode=00&page=27&svccode=00
 2019-07-31 08:21:32,https://www.thebell.co.kr/free/content/ArticleView.asp?key=201907290100057470003607&lcode=00&page=27&svccode=00
 2019-07-31 08:20:45,https://www.thebell.co.kr/free/content/ArticleView.asp?key=201907300100060240003778&lcode=00&page=27&svccode=00
 2019-07-31 08:20:27,https://www.thebell.co.kr/free/content/ArticleView.asp?key=201907300100059500003733&lcode=00&page=27&svccode=00
 2019-07-30 13:54:56,https://www.thebell.co.kr/free/content/ArticleView.asp?key=201907250100051040003204&lcode=00&page=27&svccode=00
 2019-07-30 13:52:30,https://www.thebell.co.kr/free/content/ArticleView.asp?key=201907250100051830003253&lcode=00&page=27&svccode=00
 2019-07-30 10:22:57,https://www.thebell.co.kr/free/content/ArticleView.asp?key=201907300100058580003685&lcode=00&page=27&svccode=00
 2019-07-30 08:03:29,https://www.thebell.co.kr/free/content/ArticleView.asp?key=201907290100056970003578&lcode=00&page=27&svccode=00
 2019-07-29 14:08:42,https://www.thebell.co.kr/free/content/ArticleView.asp?key=201907240100048890003072&lcode=00&page=27&svccode=00
 2019-07-29 13:00:00,https://www.thebell.co.kr/free/content/ArticleView.asp?key=201907260100054150003396&lcode=00&page=28&svccode=00
 2019-07-29 10:03:00,https://www.thebell.co.kr/free/content/ArticleView.asp?key=201907260100053860003377&lcode=00&page=28&svccode=00
 2019-07-29 08:36:35,https://www.thebell.co.kr/free/content/ArticleView.asp?key=201907260100053510003359&lcode=00&page=28&svccode=00
 2019-07-29 08:02:39,https://www.thebell.co.kr/free/content/ArticleView.asp?key=201907260100052380003291&lcode=00&page=28&svccode=00
 2019-07-29 08:00:54,https://www.thebell.co.kr/free/content/ArticleView.asp?key=201907250100051210003214&lcode=00&page=28&svccode=00
 2019-07-29 07:30:05,https://www.thebell.co.kr/free/content/ArticleView.asp?key=201907260100054280003405&lcode=00&page=28&svccode=00
 2019-07-26 08:22:59,https://www.thebell.co.kr/free/content/ArticleView.asp?key=201907250100050820003186&lcode=00&page=28&svccode=00
 2019-07-26 08:22:44,https://www.thebell.co.kr/free/content/ArticleView.asp?key=201907250100050250003155&lcode=00&page=28&svccode=00
 2019-07-26 07:30:00,https://www.thebell.co.kr/free/content/ArticleView.asp?key=201907250100050650003174&lcode=00&page=28&svccode=00
 2019-07-26 07:30:00,https://www.thebell.co.kr/free/content/ArticleView.asp?key=201907250100050630003172&lcode=00&page=28&svccode=00
 2019-07-25 15:17:34,https://www.thebell.co.kr/free/content/ArticleView.asp?key=201907250100050460003164&lcode=00&page=29&svccode=00
 2019-07-25 14:55:29,https://www.thebell.co.kr/free/content/ArticleView.asp?key=201907240100048100003023&lcode=00&page=29&svccode=00
 2019-07-25 10:44:58,https://www.thebell.co.kr/free/content/ArticleView.asp?key=201907230100044500002787&lcode=00&page=29&svccode=00
 2019-07-25 08:18:33,https://www.thebell.co.kr/free/content/ArticleView.asp?key=201907240100046000002885&lcode=00&page=29&svccode=00
 2019-07-25 08:18:29,https://www.thebell.co.kr/free/content/ArticleView.asp?key=201907240100048590003055&lcode=00&page=29&svccode=00
 2019-07-25 07:07:00,https://www.thebell.co.kr/free/content/ArticleView.asp?key=201907220100040710002545&lcode=00&page=29&svccode=00
 2019-07-24 08:31:51,https://www.thebell.co.kr/free/content/ArticleView.asp?key=201907230100045400002842&lcode=00&page=29&svccode=00
 2019-07-24 08:31:27,https://www.thebell.co.kr/free/content/ArticleView.asp?key=201907230100043680002731&lcode=00&page=29&svccode=00
 2019-07-24 08:31:06,https://www.thebell.co.kr/free/content/ArticleView.asp?key=201907230100044230002769&lcode=00&page=29&svccode=00
 2019-07-24 08:30:53,https://www.thebell.co.kr/free/content/ArticleView.asp?key=201907230100042640002668&lcode=00&page=29&svccode=00
 2019-07-24 07:04:00,https://www.thebell.co.kr/free/content/ArticleView.asp?key=201907220100042160002644&lcode=00&page=30&svccode=00
 2019-07-23 14:45:10,https://www.thebell.co.kr/free/content/ArticleView.asp?key=201907220100041860002622&lcode=00&page=30&svccode=00
 2019-07-23 14:44:28,https://www.thebell.co.kr/free/content/ArticleView.asp?key=201907220100041810002617&lcode=00&page=30&svccode=00
 2019-07-23 08:14:59,https://www.thebell.co.kr/free/content/ArticleView.asp?key=201907190100038750002418&lcode=00&page=30&svccode=00
 2019-07-23 08:14:51,https://www.thebell.co.kr/free/content/ArticleView.asp?key=201907170100032830002039&lcode=00&page=30&svccode=00
 2019-07-23 08:14:43,https://www.thebell.co.kr/free/content/ArticleView.asp?key=201907220100041530002602&lcode=00&page=30&svccode=00
 2019-07-23 08:14:33,https://www.thebell.co.kr/free/content/ArticleView.asp?key=201907220100040010002495&lcode=00&page=30&svccode=00
 2019-07-23 07:30:00,https://www.thebell.co.kr/free/content/ArticleView.asp?key=201907170100032980002050&lcode=00&page=30&svccode=00
 2019-07-22 08:23:05,https://www.thebell.co.kr/free/content/ArticleView.asp?key=201907190100038020002373&lcode=00&page=30&svccode=00
 2019-07-22 08:05:55,https://www.thebell.co.kr/free/content/ArticleView.asp?key=201907190100038470002402&lcode=00&page=30&svccode=00
 2019-07-22 07:02:36,https://www.thebell.co.kr/free/content/ArticleView.asp?key=201907190100038200002385&lcode=00&page=31&svccode=00
 2019-07-19 15:59:44,https://www.thebell.co.kr/free/content/ArticleView.asp?key=201907180100036020002238&lcode=00&page=31&svccode=00
 2019-07-19 15:45:30,https://www.thebell.co.kr/free/content/ArticleView.asp?key=201907160100030620001896&lcode=00&page=31&svccode=00
 2019-07-19 08:18:49,https://www.thebell.co.kr/free/content/ArticleView.asp?key=201907180100036060002240&lcode=00&page=31&svccode=00
 2019-07-19 08:01:07,https://www.thebell.co.kr/free/content/ArticleView.asp?key=201907180100034470002150&lcode=00&page=31&svccode=00
 2019-07-19 07:10:00,https://www.thebell.co.kr/free/content/ArticleView.asp?key=201907170100034050002116&lcode=00&page=31&svccode=00
 2019-07-18 08:28:11,https://www.thebell.co.kr/free/content/ArticleView.asp?key=201907160100029690001844&lcode=00&page=31&svccode=00
 2019-07-18 08:16:34,https://www.thebell.co.kr/free/content/ArticleView.asp?key=201907170100032500002018&lcode=00&page=31&svccode=00
 2019-07-18 08:16:19,https://www.thebell.co.kr/free/content/ArticleView.asp?key=201907170100032280002007&lcode=00&page=31&svccode=00
 2019-07-18 08:16:08,https://www.thebell.co.kr/free/content/ArticleView.asp?key=201907170100033120002058&lcode=00&page=31&svccode=00
 2019-07-17 14:50:34,https://www.thebell.co.kr/free/content/ArticleView.asp?key=201907150100028340001755&lcode=00&page=32&svccode=00
 2019-07-17 14:50:08,https://www.thebell.co.kr/free/content/ArticleView.asp?key=201907150100028160001743&lcode=00&page=32&svccode=00
 2019-07-17 08:25:35,https://www.thebell.co.kr/free/content/ArticleView.asp?key=201907150100027800001721&lcode=00&page=32&svccode=00
 2019-07-17 08:25:28,https://www.thebell.co.kr/free/content/ArticleView.asp?key=201907160100029880001853&lcode=00&page=32&svccode=00
 2019-07-17 08:21:00,https://www.thebell.co.kr/free/content/ArticleView.asp?key=201907160100029970001859&lcode=00&page=32&svccode=00
 2019-07-17 08:20:41,https://www.thebell.co.kr/free/content/ArticleView.asp?key=201907150100028600001771&lcode=00&page=32&svccode=00
 2019-07-16 13:00:00,https://www.thebell.co.kr/free/content/ArticleView.asp?key=201907100100020080001252&lcode=00&page=32&svccode=00
 2019-07-16 13:00:00,https://www.thebell.co.kr/free/content/ArticleView.asp?key=201907100100020110001255&lcode=00&page=32&svccode=00
 2019-07-16 09:17:56,https://www.thebell.co.kr/free/content/ArticleView.asp?key=201907120100024870001549&lcode=00&page=32&svccode=00
 2019-07-16 09:17:05,https://www.thebell.co.kr/free/content/ArticleView.asp?key=201907150100028310001754&lcode=00&page=32&svccode=00
 2019-07-16 08:28:43,https://www.thebell.co.kr/free/content/ArticleView.asp?key=201907140100026190001620&lcode=00&page=33&svccode=00
 2019-07-16 08:25:06,https://www.thebell.co.kr/free/content/ArticleView.asp?key=201907150100027590001711&lcode=00&page=33&svccode=00
 2019-07-16 08:13:22,https://www.thebell.co.kr/free/content/ArticleView.asp?key=201907150100027920001727&lcode=00&page=33&svccode=00
 2019-07-16 08:06:54,https://www.thebell.co.kr/free/content/ArticleView.asp?key=201907150100028210001748&lcode=00&page=33&svccode=00
 2019-07-16 08:06:36,https://www.thebell.co.kr/free/content/ArticleView.asp?key=201907150100027960001731&lcode=00&page=33&svccode=00
 2019-07-15 11:21:58,https://www.thebell.co.kr/free/content/ArticleView.asp?key=201907110100021920001368&lcode=00&page=33&svccode=00
 2019-07-15 08:11:43,https://www.thebell.co.kr/free/content/ArticleView.asp?key=201907120100025250001573&lcode=00&page=33&svccode=00
 2019-07-15 08:11:12,https://www.thebell.co.kr/free/content/ArticleView.asp?key=201907120100025210001571&lcode=00&page=33&svccode=00
 2019-07-15 08:11:00,https://www.thebell.co.kr/free/content/ArticleView.asp?key=201907120100025150001566&lcode=00&page=33&svccode=00
 2019-07-15 07:21:00,https://www.thebell.co.kr/free/content/ArticleView.asp?key=201907100100021320001331&lcode=00&page=33&svccode=00
 2019-07-12 14:47:40,https://www.thebell.co.kr/free/content/ArticleView.asp?key=201907110100021780001358&lcode=00&page=34&svccode=00
 2019-07-12 07:43:35,https://www.thebell.co.kr/free/content/ArticleView.asp?key=201907110100021640001353&lcode=00&page=34&svccode=00
 2019-07-11 08:58:49,https://www.thebell.co.kr/free/content/ArticleView.asp?key=201907090100016610001043&lcode=00&page=34&svccode=00
 2019-07-11 08:23:57,https://www.thebell.co.kr/free/content/ArticleView.asp?key=201907100100020030001249&lcode=00&page=34&svccode=00
 2019-07-11 08:23:33,https://www.thebell.co.kr/free/content/ArticleView.asp?key=201907100100020580001285&lcode=00&page=34&svccode=00
 2019-07-11 08:20:37,https://www.thebell.co.kr/free/content/ArticleView.asp?key=201907090100017790001105&lcode=00&page=34&svccode=00
 2019-07-11 08:20:15,https://www.thebell.co.kr/free/content/ArticleView.asp?key=201907100100020100001254&lcode=00&page=34&svccode=00
 2019-07-10 13:00:00,https://www.thebell.co.kr/free/content/ArticleView.asp?key=201907090100018000001120&lcode=00&page=34&svccode=00
 2019-07-10 08:32:46,https://www.thebell.co.kr/free/content/ArticleView.asp?key=201907090100016780001051&lcode=00&page=34&svccode=00
 2019-07-10 08:32:41,https://www.thebell.co.kr/free/content/ArticleView.asp?key=201907090100016750001049&lcode=00&page=34&svccode=00
 2019-07-10 08:16:04,https://www.thebell.co.kr/free/content/ArticleView.asp?key=201907090100017450001087&lcode=00&page=35&svccode=00
 2019-07-10 07:54:48,https://www.thebell.co.kr/free/content/ArticleView.asp?key=201907090100017160001068&lcode=00&page=35&svccode=00
 2019-07-10 07:54:32,https://www.thebell.co.kr/free/content/ArticleView.asp?key=201907090100017850001109&lcode=00&page=35&svccode=00
 2019-07-09 08:09:20,https://www.thebell.co.kr/free/content/ArticleView.asp?key=201907050100013380000848&lcode=00&page=35&svccode=00
 2019-07-09 08:09:05,https://www.thebell.co.kr/free/content/ArticleView.asp?key=201907080100016090001004&lcode=00&page=35&svccode=00
 2019-07-09 08:08:21,https://www.thebell.co.kr/free/content/ArticleView.asp?key=201907080100014770000930&lcode=00&page=35&svccode=00
 2019-07-08 14:03:00,https://www.thebell.co.kr/free/content/ArticleView.asp?key=201907050100012780000809&lcode=00&page=35&svccode=00
 2019-07-08 08:03:32,https://www.thebell.co.kr/free/content/ArticleView.asp?key=201907050100012420000784&lcode=00&page=35&svccode=00
 2019-07-08 08:03:20,https://www.thebell.co.kr/free/content/ArticleView.asp?key=201907050100012400000783&lcode=00&page=35&svccode=00
 2019-07-05 08:23:28,https://www.thebell.co.kr/free/content/ArticleView.asp?key=201907020100003630000223&lcode=00&page=35&svccode=00
 2019-07-05 08:17:38,https://www.thebell.co.kr/free/content/ArticleView.asp?key=201907040100009980000629&lcode=00&page=36&svccode=00
 2019-07-05 07:57:39,https://www.thebell.co.kr/free/content/ArticleView.asp?key=201907040100009670000613&lcode=00&page=36&svccode=00
 2019-07-04 14:23:41,https://www.thebell.co.kr/free/content/ArticleView.asp?key=201907010100002150000134&lcode=00&page=36&svccode=00
 2019-07-04 12:36:29,https://www.thebell.co.kr/free/content/ArticleView.asp?key=201907020100004290000266&lcode=00&page=36&svccode=00
 2019-07-04 12:36:19,https://www.thebell.co.kr/free/content/ArticleView.asp?key=201907020100004140000257&lcode=00&page=36&svccode=00
 2019-07-04 12:36:03,https://www.thebell.co.kr/free/content/ArticleView.asp?key=201906280100050890003225&lcode=00&page=36&svccode=00
 2019-07-04 11:33:08,https://www.thebell.co.kr/free/content/ArticleView.asp?key=201907020100003830000236&lcode=00&page=36&svccode=00
 2019-07-04 08:20:55,https://www.thebell.co.kr/free/content/ArticleView.asp?key=201907030100006900000436&lcode=00&page=36&svccode=00
 2019-07-04 08:20:20,https://www.thebell.co.kr/free/content/ArticleView.asp?key=201907030100007400000468&lcode=00&page=36&svccode=00
 2019-07-04 08:20:13,https://www.thebell.co.kr/free/content/ArticleView.asp?key=201907030100005930000374&lcode=00&page=36&svccode=00
 2019-07-03 10:18:16,https://www.thebell.co.kr/free/content/ArticleView.asp?key=201907020100003200000194&lcode=00&page=37&svccode=00
 2019-07-03 09:29:28,https://www.thebell.co.kr/free/content/ArticleView.asp?key=201907020100003680000226&lcode=00&page=37&svccode=00
 2019-07-01 15:23:16,https://www.thebell.co.kr/free/content/ArticleView.asp?key=201906280100049540003128&lcode=00&page=37&svccode=00
 2019-07-01 14:41:41,https://www.thebell.co.kr/free/content/ArticleView.asp?key=201906270100046550002937&lcode=00&page=37&svccode=00
 2019-07-01 08:57:16,https://www.thebell.co.kr/free/content/ArticleView.asp?key=201906280100048210003051&lcode=00&page=37&svccode=00
 2019-07-01 07:52:38,https://www.thebell.co.kr/free/content/ArticleView.asp?key=201906250100040940002591&lcode=00&page=37&svccode=00
 2019-07-01 07:52:03,https://www.thebell.co.kr/free/content/ArticleView.asp?key=201906260100044100002784&lcode=00&page=37&svccode=00
 2019-07-01 07:51:57,https://www.thebell.co.kr/free/content/ArticleView.asp?key=201906250100041800002645&lcode=00&page=37&svccode=00
 2019-06-28 13:21:00,https://www.thebell.co.kr/free/content/ArticleView.asp?key=201906260100044520002809&lcode=00&page=37&svccode=00
 2019-06-27 14:22:27,https://www.thebell.co.kr/free/content/ArticleView.asp?key=201906260100045010002839&lcode=00&page=37&svccode=00
 2019-06-27 10:44:58,https://www.thebell.co.kr/free/content/ArticleView.asp?key=201906260100043690002761&lcode=00&page=38&svccode=00
 2019-06-27 10:44:32,https://www.thebell.co.kr/free/content/ArticleView.asp?key=201906260100043560002753&lcode=00&page=38&svccode=00
 2019-06-27 08:05:22,https://www.thebell.co.kr/free/content/ArticleView.asp?key=201906260100044510002808&lcode=00&page=38&svccode=00
 2019-06-27 07:39:19,https://www.thebell.co.kr/free/content/ArticleView.asp?key=201906260100042450002684&lcode=00&page=38&svccode=00
 2019-06-26 18:02:09,https://www.thebell.co.kr/free/content/ArticleView.asp?key=201906260100042800002707&lcode=00&page=38&svccode=00
 2019-06-26 16:54:45,https://www.thebell.co.kr/free/content/ArticleView.asp?key=201906260100044480002805&lcode=00&page=38&svccode=00
 2019-06-26 08:22:50,https://www.thebell.co.kr/free/content/ArticleView.asp?key=201906250100041840002649&lcode=00&page=38&svccode=00
 2019-06-26 08:13:59,https://www.thebell.co.kr/free/content/ArticleView.asp?key=201906240100038960002470&lcode=00&page=38&svccode=00
 2019-06-25 07:57:36,https://www.thebell.co.kr/free/content/ArticleView.asp?key=201906240100039700002518&lcode=00&page=38&svccode=00
 2019-06-24 15:29:25,https://www.thebell.co.kr/free/content/ArticleView.asp?key=201906200100033910002157&lcode=00&page=38&svccode=00
 2019-06-24 09:22:56,https://www.thebell.co.kr/free/content/ArticleView.asp?key=201906190100031070001972&lcode=00&page=39&svccode=00
 2019-06-24 08:21:04,https://www.thebell.co.kr/free/content/ArticleView.asp?key=201906200100034320002182&lcode=00&page=39&svccode=00
 2019-06-24 07:59:17,https://www.thebell.co.kr/free/content/ArticleView.asp?key=201906210100036470002321&lcode=00&page=39&svccode=00
 2019-06-21 08:08:41,https://www.thebell.co.kr/free/content/ArticleView.asp?key=201906190100029140001854&lcode=00&page=39&svccode=00
 2019-06-21 08:05:44,https://www.thebell.co.kr/free/content/ArticleView.asp?key=201906200100033350002121&lcode=00&page=39&svccode=00
 2019-06-20 09:15:58,https://www.thebell.co.kr/free/content/ArticleView.asp?key=201906170100025830001643&lcode=00&page=39&svccode=00
 2019-06-20 08:01:58,https://www.thebell.co.kr/free/content/ArticleView.asp?key=201906180100029000001845&lcode=00&page=39&svccode=00
 2019-06-20 08:01:45,https://www.thebell.co.kr/free/content/ArticleView.asp?key=201906190100030260001926&lcode=00&page=39&svccode=00
 2019-06-20 08:01:36,https://www.thebell.co.kr/free/content/ArticleView.asp?key=201906180100028450001809&lcode=00&page=39&svccode=00
 2019-06-20 08:01:14,https://www.thebell.co.kr/free/content/ArticleView.asp?key=201906190100030770001954&lcode=00&page=39&svccode=00
 2019-06-20 07:41:28,https://www.thebell.co.kr/free/content/ArticleView.asp?key=201906190100030760001953&lcode=00&page=40&svccode=00
 2019-06-19 08:27:40,https://www.thebell.co.kr/free/content/ArticleView.asp?key=201906180100027070001721&lcode=00&page=40&svccode=00
 2019-06-19 08:14:42,https://www.thebell.co.kr/free/content/ArticleView.asp?key=201906180100028150001790&lcode=00&page=40&svccode=00
 2019-06-19 08:12:39,https://www.thebell.co.kr/free/content/ArticleView.asp?key=201906170100025630001630&lcode=00&page=40&svccode=00
 2019-06-19 08:12:22,https://www.thebell.co.kr/free/content/ArticleView.asp?key=201906180100028710001825&lcode=00&page=40&svccode=00
 2019-06-19 08:00:00,https://www.thebell.co.kr/free/content/ArticleView.asp?key=201906180100027820001766&lcode=00&page=40&svccode=00
 2019-06-18 13:28:00,https://www.thebell.co.kr/free/content/ArticleView.asp?key=201906140100022490001429&lcode=00&page=40&svccode=00
 2019-06-18 08:26:35,https://www.thebell.co.kr/free/content/ArticleView.asp?key=201906130100019870001256&lcode=00&page=40&svccode=00
 2019-06-17 15:56:35,https://www.thebell.co.kr/free/content/ArticleView.asp?key=201906130100020010001265&lcode=00&page=40&svccode=00
 2019-06-17 08:16:34,https://www.thebell.co.kr/free/content/ArticleView.asp?key=201906140100021180001342&lcode=00&page=40&svccode=00
 2019-06-17 08:16:18,https://www.thebell.co.kr/free/content/ArticleView.asp?key=201906140100021420001360&lcode=00&page=41&svccode=00
 2019-06-17 08:15:42,https://www.thebell.co.kr/free/content/ArticleView.asp?key=201906140100021900001390&lcode=00&page=41&svccode=00
 2019-06-14 18:38:30,https://www.thebell.co.kr/free/content/ArticleView.asp?key=201906140100023470001490&lcode=00&page=41&svccode=00
 2019-06-14 12:29:00,https://www.thebell.co.kr/free/content/ArticleView.asp?key=201906120100017760001117&lcode=00&page=41&svccode=00
 2019-06-14 08:11:11,https://www.thebell.co.kr/free/content/ArticleView.asp?key=201906120100018030001135&lcode=00&page=41&svccode=00
 2019-06-14 08:10:54,https://www.thebell.co.kr/free/content/ArticleView.asp?key=201906120100018000001132&lcode=00&page=41&svccode=00
 2019-06-14 08:00:29,https://www.thebell.co.kr/free/content/ArticleView.asp?key=201906120100017830001123&lcode=00&page=41&svccode=00
 2019-06-13 10:51:42,https://www.thebell.co.kr/free/content/ArticleView.asp?key=201906120100017100001081&lcode=00&page=41&svccode=00
 2019-06-12 09:01:25,https://www.thebell.co.kr/free/content/ArticleView.asp?key=201906100100012010000765&lcode=00&page=41&svccode=00
 2019-06-11 08:17:14,https://www.thebell.co.kr/free/content/ArticleView.asp?key=201906100100012320000781&lcode=00&page=41&svccode=00
 2019-06-10 11:19:53,https://www.thebell.co.kr/free/content/ArticleView.asp?key=201906100100011770000754&lcode=00&page=42&svccode=00
 2019-06-10 08:04:57,https://www.thebell.co.kr/free/content/ArticleView.asp?key=201906070100009740000624&lcode=00&page=42&svccode=00
 2019-06-10 08:00:00,https://www.thebell.co.kr/free/content/ArticleView.asp?key=201906050100008280000534&lcode=00&page=42&svccode=00
 2019-06-10 07:24:00,https://www.thebell.co.kr/free/content/ArticleView.asp?key=201906050100008500000542&lcode=00&page=42&svccode=00
 2019-06-10 07:22:00,https://www.thebell.co.kr/free/content/ArticleView.asp?key=201906050100007910000508&lcode=00&page=42&svccode=00
 2019-06-07 09:26:47,https://www.thebell.co.kr/free/content/ArticleView.asp?key=201906050100007810000501&lcode=00&page=42&svccode=00
 2019-06-07 08:32:50,https://www.thebell.co.kr/free/content/ArticleView.asp?key=201906030100002750000185&lcode=00&page=42&svccode=00
 2019-06-07 08:15:10,https://www.thebell.co.kr/free/content/ArticleView.asp?key=201906050100007890000506&lcode=00&page=42&svccode=00
 2019-06-05 13:41:00,https://www.thebell.co.kr/free/content/ArticleView.asp?key=201906040100005140000331&lcode=00&page=42&svccode=00
 2019-06-05 11:28:16,https://www.thebell.co.kr/free/content/ArticleView.asp?key=201906030100001780000114&lcode=00&page=42&svccode=00
 2019-06-04 13:10:00,https://www.thebell.co.kr/free/content/ArticleView.asp?key=201906030100001470000089&lcode=00&page=43&svccode=00
 2019-06-04 08:30:15,https://www.thebell.co.kr/free/content/ArticleView.asp?key=201906030100001400000084&lcode=00&page=43&svccode=00
 2019-06-04 08:10:13,https://www.thebell.co.kr/free/content/ArticleView.asp?key=201905270100047450002958&lcode=00&page=43&svccode=00
 2019-06-04 08:10:00,https://www.thebell.co.kr/free/content/ArticleView.asp?key=201905270100047440002957&lcode=00&page=43&svccode=00
 2019-06-04 08:09:38,https://www.thebell.co.kr/free/content/ArticleView.asp?key=201906030100001010000067&lcode=00&page=43&svccode=00
 2019-06-03 10:53:00,https://www.thebell.co.kr/free/content/ArticleView.asp?key=201905300100055930003533&lcode=00&page=43&svccode=00
 2019-06-03 08:51:55,https://www.thebell.co.kr/free/content/ArticleView.asp?key=201905310100058280003677&lcode=00&page=43&svccode=00
 2019-06-03 08:20:28,https://www.thebell.co.kr/free/content/ArticleView.asp?key=201905300100054190003422&lcode=00&page=43&svccode=00
 2019-06-03 08:12:11,https://www.thebell.co.kr/free/content/ArticleView.asp?key=201905240100044530002785&lcode=00&page=43&svccode=00
 2019-05-31 08:22:18,https://www.thebell.co.kr/free/content/ArticleView.asp?key=201905230100041400002583&lcode=00&page=43&svccode=00
 2019-05-30 13:04:00,https://www.thebell.co.kr/free/content/ArticleView.asp?key=201905290100053280003355&lcode=00&page=44&svccode=00
 2019-05-30 11:06:12,https://www.thebell.co.kr/free/content/ArticleView.asp?key=201905290100052630003312&lcode=00&page=44&svccode=00
 2019-05-30 08:46:42,https://www.thebell.co.kr/free/content/ArticleView.asp?key=201905290100052300003292&lcode=00&page=44&svccode=00
 2019-05-30 08:14:43,https://www.thebell.co.kr/free/content/ArticleView.asp?key=201905290100052380003297&lcode=00&page=44&svccode=00
 2019-05-30 08:05:30,https://www.thebell.co.kr/free/content/ArticleView.asp?key=201905290100052050003277&lcode=00&page=44&svccode=00
 2019-05-30 08:05:24,https://www.thebell.co.kr/free/content/ArticleView.asp?key=201905290100051900003269&lcode=00&page=44&svccode=00
 2019-05-29 14:53:53,https://www.thebell.co.kr/free/content/ArticleView.asp?key=201905290100052080003278&lcode=00&page=44&svccode=00
 2019-05-29 09:23:32,https://www.thebell.co.kr/free/content/ArticleView.asp?key=201905240100044310002768&lcode=00&page=44&svccode=00
 2019-05-29 08:29:21,https://www.thebell.co.kr/free/content/ArticleView.asp?key=201905280100050370003162&lcode=00&page=44&svccode=00
 2019-05-29 08:29:06,https://www.thebell.co.kr/free/content/ArticleView.asp?key=201905280100048900003064&lcode=00&page=44&svccode=00
 2019-05-29 08:28:28,https://www.thebell.co.kr/free/content/ArticleView.asp?key=201905210100036250002255&lcode=00&page=45&svccode=00
 2019-05-29 08:15:30,https://www.thebell.co.kr/free/content/ArticleView.asp?key=201905270100045430002838&lcode=00&page=45&svccode=00
 2019-05-29 08:06:33,https://www.thebell.co.kr/free/content/ArticleView.asp?key=201905280100049280003092&lcode=00&page=45&svccode=00
 2019-05-29 07:05:05,https://www.thebell.co.kr/free/content/ArticleView.asp?key=201905280100050670003179&lcode=00&page=45&svccode=00
 2019-05-28 13:02:15,https://www.thebell.co.kr/free/content/ArticleView.asp?key=201905270100045350002832&lcode=00&page=45&svccode=00
 2019-05-28 13:01:49,https://www.thebell.co.kr/free/content/ArticleView.asp?key=201905270100045470002842&lcode=00&page=45&svccode=00
 2019-05-28 08:02:21,https://www.thebell.co.kr/free/content/ArticleView.asp?key=201905270100046200002882&lcode=00&page=45&svccode=00
 2019-05-27 16:27:31,https://www.thebell.co.kr/free/content/ArticleView.asp?key=201905220100038690002410&lcode=00&page=45&svccode=00
 2019-05-27 16:27:14,https://www.thebell.co.kr/free/content/ArticleView.asp?key=201905230100041410002584&lcode=00&page=45&svccode=00
 2019-05-27 16:27:10,https://www.thebell.co.kr/free/content/ArticleView.asp?key=201905240100043710002728&lcode=00&page=45&svccode=00
 2019-05-27 08:04:35,https://www.thebell.co.kr/free/content/ArticleView.asp?key=201905240100043270002697&lcode=00&page=46&svccode=00
 2019-05-27 07:58:11,https://www.thebell.co.kr/free/content/ArticleView.asp?key=201905230100039340002460&lcode=00&page=46&svccode=00
 2019-05-27 07:57:18,https://www.thebell.co.kr/free/content/ArticleView.asp?key=201905230100039460002467&lcode=00&page=46&svccode=00
 2019-05-27 07:34:55,https://www.thebell.co.kr/free/content/ArticleView.asp?key=201905240100042700002661&lcode=00&page=46&svccode=00
 2019-05-24 14:24:58,https://www.thebell.co.kr/free/content/ArticleView.asp?key=201905240100042780002664&lcode=00&page=46&svccode=00
 2019-05-24 13:25:06,https://www.thebell.co.kr/free/content/ArticleView.asp?key=201905240100042430002644&lcode=00&page=46&svccode=00
 2019-05-24 08:08:13,https://www.thebell.co.kr/free/content/ArticleView.asp?key=201905230100041290002574&lcode=00&page=46&svccode=00
 2019-05-24 08:07:03,https://www.thebell.co.kr/free/content/ArticleView.asp?key=201905230100040220002508&lcode=00&page=46&svccode=00
 2019-05-24 08:06:52,https://www.thebell.co.kr/free/content/ArticleView.asp?key=201905230100039430002465&lcode=00&page=46&svccode=00
 2019-05-24 08:06:39,https://www.thebell.co.kr/free/content/ArticleView.asp?key=201905230100039710002482&lcode=00&page=46&svccode=00
 2019-05-23 08:34:19,https://www.thebell.co.kr/free/content/ArticleView.asp?key=201905220100037790002355&lcode=00&page=47&svccode=00
 2019-05-23 08:14:39,https://www.thebell.co.kr/free/content/ArticleView.asp?key=201905220100036870002298&lcode=00&page=47&svccode=00
 2019-05-23 08:13:40,https://www.thebell.co.kr/free/content/ArticleView.asp?key=201905220100037970002367&lcode=00&page=47&svccode=00
 2019-05-22 09:32:10,https://www.thebell.co.kr/free/content/ArticleView.asp?key=201905200100033380002089&lcode=00&page=47&svccode=00
 2019-05-22 08:13:58,https://www.thebell.co.kr/free/content/ArticleView.asp?key=201905210100035680002220&lcode=00&page=47&svccode=00
 2019-05-22 08:13:53,https://www.thebell.co.kr/free/content/ArticleView.asp?key=201905200100033390002090&lcode=00&page=47&svccode=00
 2019-05-22 07:44:00,https://www.thebell.co.kr/free/content/ArticleView.asp?key=201905200100032400002029&lcode=00&page=47&svccode=00
 2019-05-21 07:57:27,https://www.thebell.co.kr/free/content/ArticleView.asp?key=201905200100032890002059&lcode=00&page=47&svccode=00
 2019-05-21 07:52:04,https://www.thebell.co.kr/free/content/ArticleView.asp?key=201905200100033360002087&lcode=00&page=47&svccode=00
 2019-05-21 07:51:51,https://www.thebell.co.kr/free/content/ArticleView.asp?key=201905200100032770002051&lcode=00&page=47&svccode=00
 2019-05-20 13:04:00,https://www.thebell.co.kr/free/content/ArticleView.asp?key=201905170100030770001925&lcode=00&page=48&svccode=00
 2019-05-20 08:04:14,https://www.thebell.co.kr/free/content/ArticleView.asp?key=201905160100027600001726&lcode=00&page=48&svccode=00
 2019-05-17 08:02:40,https://www.thebell.co.kr/free/content/ArticleView.asp?key=201905150100024510001526&lcode=00&page=48&svccode=00
 2019-05-17 07:32:59,https://www.thebell.co.kr/free/content/ArticleView.asp?key=201905160100026750001676&lcode=00&page=48&svccode=00
 2019-05-16 14:51:44,https://www.thebell.co.kr/free/content/ArticleView.asp?key=201905140100021100001314&lcode=00&page=48&svccode=00
 2019-05-16 08:56:15,https://www.thebell.co.kr/free/content/ArticleView.asp?key=201905150100023430001457&lcode=00&page=48&svccode=00
 2019-05-16 08:18:33,https://www.thebell.co.kr/free/content/ArticleView.asp?key=201905150100025170001574&lcode=00&page=48&svccode=00
 2019-05-14 13:34:00,https://www.thebell.co.kr/free/content/ArticleView.asp?key=201905090100013740000858&lcode=00&page=48&svccode=00
 2019-05-14 08:16:24,https://www.thebell.co.kr/free/content/ArticleView.asp?key=201905100100015430000960&lcode=00&page=48&svccode=00
 2019-05-14 08:10:03,https://www.thebell.co.kr/free/content/ArticleView.asp?key=201905100100016320001019&lcode=00&page=48&svccode=00
 2019-05-14 07:15:31,https://www.thebell.co.kr/free/content/ArticleView.asp?key=201905130100017890001120&lcode=00&page=49&svccode=00
 2019-05-13 13:02:00,https://www.thebell.co.kr/free/content/ArticleView.asp?key=201905100100014500000901&lcode=00&page=49&svccode=00
 2019-05-13 08:06:44,https://www.thebell.co.kr/free/content/ArticleView.asp?key=201905090100013520000846&lcode=00&page=49&svccode=00
 2019-05-13 08:02:00,https://www.thebell.co.kr/free/content/ArticleView.asp?key=201905100100014930000931&lcode=00&page=49&svccode=00
 2019-05-10 08:11:33,https://www.thebell.co.kr/free/content/ArticleView.asp?key=201905090100012870000805&lcode=00&page=49&svccode=00
 2019-05-10 07:31:53,https://www.thebell.co.kr/free/content/ArticleView.asp?key=201905090100011810000733&lcode=00&page=49&svccode=00
 2019-05-09 10:29:14,https://www.thebell.co.kr/free/content/ArticleView.asp?key=201905080100010250000636&lcode=00&page=49&svccode=00
 2019-05-09 10:28:09,https://www.thebell.co.kr/free/content/ArticleView.asp?key=201905080100010070000627&lcode=00&page=49&svccode=00
 2019-05-08 08:22:22,https://www.thebell.co.kr/free/content/ArticleView.asp?key=201905030100005580000348&lcode=00&page=49&svccode=00
 2019-05-08 08:21:10,https://www.thebell.co.kr/free/content/ArticleView.asp?key=201905070100008090000497&lcode=00&page=49&svccode=00
 2019-05-08 08:12:39,https://www.thebell.co.kr/free/content/ArticleView.asp?key=201905030100005430000338&lcode=00&page=50&svccode=00
 2019-05-08 08:12:09,https://www.thebell.co.kr/free/content/ArticleView.asp?key=201905070100007660000476&lcode=00&page=50&svccode=00
