[
    {
        "created_time": "2017-02-03 08:00:00",
        "link": "https://www.facebook.com/jtbcnews/photos/a.247034462022812.59362.240263402699918/1307937592599155/?type=3",
        "message": "\"오늘부터 저녁 8시에 뵙겠습니다\"\n\n#매일저녁8시 #JTBC뉴스룸과함께\n2월 3일부터 주말에도 저녁 8시에 시작합니다.",
        "name": "Timeline Photos",
        "num_angrys": 0,
        "num_comments": 17,
        "num_hahas": 0,
        "num_likes": 491,
        "num_loves": 27,
        "num_reactions": 0,
        "num_sads": 0,
        "num_shares": 10,
        "num_wows": 4,
        "post_id": "240263402699918_1307937592599155"
    },
    {
        "created_time": "2017-02-02 22:43:38",
        "link": "https://www.facebook.com/jtbcnews/videos/1308098135916434/",
        "message": "<한 놈만 미안하다고 해라...>\n\n\"골든타임은 9시 30분까지였다\" \n\n그렇기에 대통령의 책임은 없다는 참모의 말.\n대관절 국가의 책임은 어디까지인가..\n\n한 생존 화물기사가 간절하게 되뇌었다는 \n이 한 마디를 전해 드리며 마무리를 대신합니다.\n\n#앵커브리핑 \"한 놈만 미안하다고 해라… 한 놈만…\"",
        "name": "[앵커브리핑] \"한 놈만 미안하다고 해라… 한 놈만…\"",
        "num_angrys": 1385,
        "num_comments": 227,
        "num_hahas": 10,
        "num_likes": 8029,
        "num_loves": 76,
        "num_reactions": 0,
        "num_sads": 988,
        "num_shares": 2611,
        "num_wows": 4,
        "post_id": "240263402699918_1308098135916434"
    },
    {
        "created_time": "2017-02-02 22:20:00",
        "link": "https://www.facebook.com/jtbcnews/videos/1308067519252829/",
        "message": "'반기문 하차'로 더 속도 내는 대선열차\n\n1위 문재인 (33.1%)\n2위 안희정 (12.3%)\n3위 황교안 (11.8%)\n\n▶http://bit.ly/2jA6Wqt 기사원문",
        "name": "대선열차 더 속도…3자 대결 시 문재인 지지율 '과반'",
        "num_angrys": 30,
        "num_comments": 304,
        "num_hahas": 75,
        "num_likes": 1625,
        "num_loves": 42,
        "num_reactions": 0,
        "num_sads": 3,
        "num_shares": 66,
        "num_wows": 6,
        "post_id": "240263402699918_1308067519252829"
    },
    {
        "created_time": "2017-02-02 21:28:39",
        "link": "http://news.jtbc.joins.com/html/451/NB11413451.html",
        "message": "\"우 전 수석에 대한 감찰로 사회적 혼란 야기\" \n\"감찰관실 고위 간부들은 전원 퇴직하라\"",
        "name": "[단독] '특감실 해체' 공문 입수 \"혼란 야기…퇴직하라\"",
        "num_angrys": 996,
        "num_comments": 49,
        "num_hahas": 88,
        "num_likes": 1893,
        "num_loves": 11,
        "num_reactions": 0,
        "num_sads": 7,
        "num_shares": 386,
        "num_wows": 3,
        "post_id": "240263402699918_1308065149253066"
    },
    {
        "created_time": "2017-02-02 19:00:00",
        "link": "http://news.jtbc.joins.com/html/825/NB11412825.html",
        "message": "미국의 '무역 보복'도 걱정해야 할 것 같습니다.",
        "name": "'환율 전쟁' 시동 건 트럼프…한국 경제도 4월 위기론",
        "num_angrys": 202,
        "num_comments": 51,
        "num_hahas": 8,
        "num_likes": 461,
        "num_loves": 4,
        "num_reactions": 0,
        "num_sads": 65,
        "num_shares": 79,
        "num_wows": 2,
        "post_id": "240263402699918_1307776242615290"
    },
    {
        "created_time": "2017-02-02 18:00:19",
        "link": "https://www.facebook.com/jtbcnews/videos/1307944912598423/",
        "message": "⚪ 미리 보는 JTBC뉴스룸 with 김태영 기자\n\n정유라의 송환 지연전략으로 22일째 뻗치기 중😅 \n덴마크 올보르의 구치소와 지방법원을 오가며 \n그 동안의 취재기를 김태영 기자가 들려드립니다. \n오늘밤 #8시_뉴스룸 단독보도도 미리 공개합니다.",
        "name": "",
        "num_angrys": 54,
        "num_comments": 640,
        "num_hahas": 21,
        "num_likes": 1847,
        "num_loves": 271,
        "num_reactions": 0,
        "num_sads": 3,
        "num_shares": 135,
        "num_wows": 19,
        "post_id": "240263402699918_1307944912598423"
    },
    {
        "created_time": "2017-02-02 17:10:03",
        "link": "https://www.facebook.com/jtbcnews/videos/1307917829267798/",
        "message": "오늘(2일)의 한마디는 '청와대가 왕궁입니까'입니다.",
        "name": "[김앵커 한마디] '청와대가 왕궁입니까'",
        "num_angrys": 680,
        "num_comments": 162,
        "num_hahas": 40,
        "num_likes": 4740,
        "num_loves": 172,
        "num_reactions": 0,
        "num_sads": 5,
        "num_shares": 758,
        "num_wows": 9,
        "post_id": "240263402699918_1307917829267798"
    },
    {
        "created_time": "2017-02-02 16:30:00",
        "link": "https://www.facebook.com/jtbcnews/videos/1307869249272656/",
        "message": "#대통령의자격 #안희정 \n시대교체를 내건 안희정 충남지사와 이야기나눠봤습니다. \n\nQ. 혁명가 출신…최근 행보는 우편향? \n(▶http://bit.ly/2jzihXx 인터뷰 풀영상)",
        "name": "[대통령의 자격] 안희정 \"우편향? 과거 긍정성에 주목\"",
        "num_angrys": 53,
        "num_comments": 96,
        "num_hahas": 8,
        "num_likes": 803,
        "num_loves": 26,
        "num_reactions": 0,
        "num_sads": 0,
        "num_shares": 101,
        "num_wows": 4,
        "post_id": "240263402699918_1307869249272656"
    },
    {
        "created_time": "2017-02-02 13:30:00",
        "link": "https://www.facebook.com/jtbcnews/videos/1307699939289587/",
        "message": "\"좌편향 문화예술계 문제 많다\"는 \n대통령의 발언으로 시작된 '블랙리스트'\n\n공소장을 통해 그 전말을 짚어보겠습니다. \n(▶http://bit.ly/2jFegvR 기사원문)",
        "name": "베일 벗은 블랙리스트…공소장 속 발언으로 본 '전말'",
        "num_angrys": 320,
        "num_comments": 30,
        "num_hahas": 5,
        "num_likes": 673,
        "num_loves": 6,
        "num_reactions": 0,
        "num_sads": 5,
        "num_shares": 78,
        "num_wows": 0,
        "post_id": "240263402699918_1307699939289587"
    },
    {
        "created_time": "2017-02-02 07:30:00",
        "link": "http://news.jtbc.joins.com/html/834/NB11412834.html",
        "message": "대통령 측이 증인신청을 또 했습니다. \n\n이번에는 경찰도 어디 있는지 몰랐던\n안봉근 전 비서관을 출석시키겠다고 했습니다.",
        "name": "대통령 측, 15명 재탕 증인 신청…안봉근도 출석하나",
        "num_angrys": 496,
        "num_comments": 110,
        "num_hahas": 143,
        "num_likes": 683,
        "num_loves": 1,
        "num_reactions": 0,
        "num_sads": 5,
        "num_shares": 69,
        "num_wows": 0,
        "post_id": "240263402699918_1307635529296028"
    },
    {
        "created_time": "2017-02-02 06:00:00",
        "link": "http://news.jtbc.joins.com/html/523/NB11412523.html",
        "message": "TV를 통해서야 불출마 사실을 알게 된 참모들.",
        "name": "반기문 참모들, TV 보고 '황당'…발표 전 상의 없었다",
        "num_angrys": 148,
        "num_comments": 213,
        "num_hahas": 883,
        "num_likes": 1969,
        "num_loves": 12,
        "num_reactions": 0,
        "num_sads": 11,
        "num_shares": 83,
        "num_wows": 12,
        "post_id": "240263402699918_1306939106032337"
    },
    {
        "created_time": "2017-02-02 00:03:25",
        "link": "https://www.facebook.com/jtbc5/videos/1983356738558390/",
        "message": "✎오늘의 공유_정치부회의 #박대통령_찬양가\n▔▔▔▔▔▔▔▔▔▔▔▔▔▔▔▔▔▔\n따로 설명은 안드리겠습니다. 바로 들어보시죠.",
        "name": "JTBC 5시 정치부회의",
        "num_angrys": 351,
        "num_comments": 230,
        "num_hahas": 396,
        "num_likes": 443,
        "num_loves": 4,
        "num_reactions": 0,
        "num_sads": 0,
        "num_shares": 0,
        "num_wows": 0,
        "post_id": "240263402699918_1307038306022417"
    },
    {
        "created_time": "2017-02-01 22:30:00",
        "link": "http://news.jtbc.joins.com/html/519/NB11412519.html",
        "message": "김규현 수석 \"세월호, 대통령 책임 없다\"\n(▶http://bit.ly/2jCP6Ok 관련기사)\n\n결국, 참다못한 재판관들이 이를 질타했습니다.",
        "name": "듣고 있던 재판관들, 언성 높이며 '대통령 책임' 추궁",
        "num_angrys": 3487,
        "num_comments": 472,
        "num_hahas": 72,
        "num_likes": 14452,
        "num_loves": 672,
        "num_reactions": 0,
        "num_sads": 44,
        "num_shares": 1714,
        "num_wows": 32,
        "post_id": "240263402699918_1306929649366616"
    },
    {
        "created_time": "2017-02-01 22:22:16",
        "link": "http://news.jtbc.joins.com/html/517/NB11412517.html",
        "message": "대통령 측의 증인으로 나온 모 전 수석은\n오히려, 대통령에게 불리한 진술을 쏟아냈습니다.",
        "name": "모철민 \"대통령이 문체부 공무원 경질 지시…놀랐다\"",
        "num_angrys": 456,
        "num_comments": 64,
        "num_hahas": 575,
        "num_likes": 4634,
        "num_loves": 74,
        "num_reactions": 0,
        "num_sads": 11,
        "num_shares": 537,
        "num_wows": 18,
        "post_id": "240263402699918_1306951462697768"
    },
    {
        "created_time": "2017-02-01 22:10:38",
        "link": "https://www.facebook.com/jtbcnews/videos/1306898426036405/",
        "message": "달과 화성과 금성, 세 개의 반짝임이 \n공존해서 더 밝아진 오늘 밤.\n\n하늘 밑 우리가 사는 세상도 그럴 수 있기를…\n\n그 누군가가 말했던 대로 \n우리가 간절히 바라고 바란다면 \n오늘 같은 날, 온 우주가 도와주지나 않을까…\n\n#앵커브리핑",
        "name": "[앵커브리핑] 별이 빛나는 밤에…\"간절히 바란다면\"",
        "num_angrys": 36,
        "num_comments": 135,
        "num_hahas": 5,
        "num_likes": 3754,
        "num_loves": 164,
        "num_reactions": 0,
        "num_sads": 11,
        "num_shares": 692,
        "num_wows": 10,
        "post_id": "240263402699918_1306898426036405"
    },
    {
        "created_time": "2017-02-01 21:10:08",
        "link": "https://www.facebook.com/jtbcnews/videos/1306803269379254/",
        "message": "정치권에 실망? 지지율 급하락?\n\n#반기문 의 '중도 포기' \n진짜 이유를 분석해봤습니다.\n\n(▶http://bit.ly/2juWfp3 기사원문)",
        "name": "\"정치권에 실망\" 밝혔지만…'중도 포기' 진짜 이유는?",
        "num_angrys": 67,
        "num_comments": 113,
        "num_hahas": 288,
        "num_likes": 842,
        "num_loves": 13,
        "num_reactions": 0,
        "num_sads": 8,
        "num_shares": 50,
        "num_wows": 2,
        "post_id": "240263402699918_1306803269379254"
    },
    {
        "created_time": "2017-02-01 20:09:02",
        "link": "https://www.facebook.com/jtbcnews/videos/1306757996050448/",
        "message": "반기문 전 유엔사무총장이 오늘(1일) 갑자기 대선 불출마를 선언했습니다.\n \n반 전 총장은 어제까지만 해도 대선 전 개헌을 고리로 한 제3지대 통합을 시도했습니다. 그러다 오늘 오후엔 갑자기 국회 기자실을 찾아, 불출마 선언문을 낭독했습니다.\n \n직접 밝힌 불출마 이유는 정치권에 대한 실망입니다. 반대로 정치권 일각에선 반 전 총장이 귀국 후 이어진 지지율 침체를 끝내 넘지 못했단 분석이 나오기도 했습니다.\n\n#JTBC #뉴스룸 LIVE ▶https://goo.gl/Jk7pQ1",
        "name": "[JTBC 뉴스룸] 2월 1일 주요뉴스",
        "num_angrys": 30,
        "num_comments": 91,
        "num_hahas": 154,
        "num_likes": 609,
        "num_loves": 17,
        "num_reactions": 0,
        "num_sads": 0,
        "num_shares": 31,
        "num_wows": 2,
        "post_id": "240263402699918_1306757996050448"
    },
    {
        "created_time": "2017-02-01 17:00:00",
        "link": "https://www.facebook.com/jtbcnews/videos/1306580852734829/",
        "message": "오늘(1일)의 한마디는 '휴대폰이 무슨 죄?'입니다",
        "name": "[김앵커 한마디] '휴대폰이 무슨 죄?'",
        "num_angrys": 114,
        "num_comments": 44,
        "num_hahas": 138,
        "num_likes": 1412,
        "num_loves": 28,
        "num_reactions": 0,
        "num_sads": 6,
        "num_shares": 266,
        "num_wows": 1,
        "post_id": "240263402699918_1306580852734829"
    },
    {
        "created_time": "2017-02-01 15:02:00",
        "link": "https://www.facebook.com/jtbcnews/videos/1306524812740433/",
        "message": "\"이런 식으로 사람을 낚는 건…\"\n\n금융인턴 모집공고, 실상은 달랐습니다. \n(▶http://bit.ly/2jsPy6J 기사원문)",
        "name": "'금융 인턴' 모집한다더니…보험 설계사 충원 '꼼수'",
        "num_angrys": 898,
        "num_comments": 146,
        "num_hahas": 11,
        "num_likes": 1218,
        "num_loves": 5,
        "num_reactions": 0,
        "num_sads": 59,
        "num_shares": 136,
        "num_wows": 1,
        "post_id": "240263402699918_1306524812740433"
    },
    {
        "created_time": "2017-02-01 14:00:00",
        "link": "https://www.facebook.com/jtbcnews/videos/1306374372755477/",
        "message": "\"공감대가 없다\", \"시기적으로 너무 늦었다\"\n\n국정교과서, 국립학교에서도 외면받고 있습니다.\n(▶http://bit.ly/2jt7uhv 기사원문)",
        "name": "국립 학교도 거부…국정 교과서 현장 적용 '산 넘어 산'",
        "num_angrys": 293,
        "num_comments": 70,
        "num_hahas": 88,
        "num_likes": 884,
        "num_loves": 6,
        "num_reactions": 0,
        "num_sads": 0,
        "num_shares": 93,
        "num_wows": 1,
        "post_id": "240263402699918_1306374372755477"
    }
]